Workbook
Name Slicer_d_name: #N/A

Sheet Sheet1
A1: name | B1: age | C1: salary stucture
A2: a | B2: 23 | C2: gi | D2: gst | E2: pf | F2: net in
A3: b | B3: 45
A4: c | B4: 67
A5: d | B5: 89
A6: e | B6: 10
A7: count | B7: =COUNT(B2:B6) -> 5
A8: total age | B8: =SUM(B2:B6) -> 234
A9: avg age | B9: =AVERAGE(B2:B6) -> 46.8
A10: youngest | B10: =MIN(B2:B6) -> 10
A11: eldest | B11: =MAX((B2:B6)) -> 89
A16: product | B16: sales | D16: name | E16: marks | F16: status | G16: gender | H16: Gender
A17: a | B17: 500 | D17: a | E17: 500 | F17: =IF(E17>500,"pass","fail") -> fail | G17: m
A18: b | B18: 800 | D18: b | E18: 800 | F18: =IF(E18>500,"pass","fail") -> pass | G18: M
A19: c | B19: 1000 | D19: c | E19: 850 | F19: =IF(E19>500,"pass","fail") -> pass | G19: male
A20: d | B20: 900 | D20: d | E20: 650 | F20: =IF(E20>500,"pass","fail") -> pass | G20: female
A21: e | B21: 400 | D21: e | E21: 400 | F21: =IF(E21>500,"pass","fail") -> fail | G21: Male
D22: total | E22: =SUM(E17:E21) -> 3200 | F22: =IF(E22>3000,"target achieved","failed") -> target achieved | G22: F
A23: total sales | B23: =SUM(B17:B21) -> 3600 | G23: Female
A24: min | B24: =MIN(B17:B21) -> 400
A25: max | B25: =MAX(B17:B21) -> 1000
A26: avg | B26: =AVERAGE(B17:B21) -> 720
A28: Customer | B28: City | C28: sales
A29: A | B29: Delhi | C29: 500 | I29: d1
A30: B | B30: Mumbai | C30: 730
A31: C | B31: Dehli | C31: 300 | I31: d3
A32: D | B32: Bengaluru | C32: 900

Sheet Sheet2
A3: department | B3: total_employees
A4: HR | B4: 1
A5: market | B5: 1
A6: sales | B6: 2

Sheet Emp
A1: e_id | B1: name | C1: d_id | D1: d_name | E1: code | G1: e_id | H1: name | I1: d_id | J1: d_name | K1: code
A2: 101 | B2: rahul | C2: d1 | D2: =VLOOKUP(C2,dept!$A$1:$B$4,2,FALSE) -> sales | E2: =VLOOKUP(C2,dept!$A$2:$C$4,3,FALSE) -> s9090 | G2: 101 | H2: rahul | I2: d1 | J2: =_xlfn.XLOOKUP(I2,dept!$A$2:$A$4,dept!$B$2:$B$4) -> sales | K2: =_xlfn.XLOOKUP(I2,dept!$A$2:$A$4,dept!$C$2:$C$4,) -> s9090
A3: 102 | B3: meghana | C3: d2 | D3: =VLOOKUP(C3,dept!$A$1:$B$4,2,FALSE) -> market | E3: =VLOOKUP(C3,dept!$A$2:$C$4,3,FALSE) -> m1234 | G3: 102 | H3: meghana | I3: d2 | J3: =_xlfn.XLOOKUP(I3,dept!$A$2:$A$4,dept!$B$2:$B$4) -> market | K3: =_xlfn.XLOOKUP(I3,dept!$A$2:$A$4,dept!$C$2:$C$4,) -> m1234
A4: 103 | B4: madhu | C4: d1 | D4: =VLOOKUP(C4,dept!$A$1:$B$4,2,FALSE) -> sales | E4: =VLOOKUP(C4,dept!$A$2:$C$4,3,FALSE) -> s9090 | G4: 103 | H4: madhu | I4: d1 | J4: =_xlfn.XLOOKUP(I4,dept!$A$2:$A$4,dept!$B$2:$B$4) -> sales | K4: =_xlfn.XLOOKUP(I4,dept!$A$2:$A$4,dept!$C$2:$C$4,) -> s9090
A5: 104 | B5: neha | C5: d3 | D5: =VLOOKUP(C5,dept!$A$1:$B$4,2,FALSE) -> HR | E5: =VLOOKUP(C5,dept!$A$2:$C$4,3,FALSE) -> H5555 | G5: 104 | H5: neha | I5: d3 | J5: =_xlfn.XLOOKUP(I5,dept!$A$2:$A$4,dept!$B$2:$B$4) -> HR | K5: =_xlfn.XLOOKUP(I5,dept!$A$2:$A$4,dept!$C$2:$C$4,) -> H5555
A7: using VLOOKUP | G7: using XLOOKUP

Sheet dept
A1: d_id | B1: d_name | C1: code
A2: d1 | B2: sales | C2: s9090
A3: d2 | B3: market | C3: m1234
A4: d3 | B4: HR | C4: H5555
A6: transpose
A7: d_id | B7: d1 | C7: d2 | D7: d3
A8: d_name | B8: sales | C8: market | D8: HR
A9: code | B9: s9090 | C9: m1234 | D9: H5555

Sheet Sheet5
A1: product | B1: (All)
A3: Row Labels | B3: Average of sales
A4: north | B4: 800
A5: south | B5: 775
A6: Grand Total | B6: 787.5

Sheet e_product
A1: region | B1: product | C1: sales
A2: north | B2: laptop | C2: 1000
A3: south | B3: mobile | C3: 800
A4: north | B4: laptop | C4: 600
A5: south | B5: mobile | C5: 750

Sheet dashboard
A1: Employees sales dashboard
